,Tweets,len,ID,Date,Source,Likes,RTs
0,RT @FrankSharry: üíØüëá https://t.co/6An39b0MSx,43,1010291674222923777,2018-06-22 22:41:20,Twitter for iPhone,0,3
1,RT @benwikler: Update: Delaware came through. Protests are now planned in all 50 states. 523 of them. Hundreds of thousands of participants‚Ä¶,140,1010290709998555136,2018-06-22 22:37:30,Twitter for iPhone,0,971
2,RT @letamericavote: Hard to keep your story straight when you‚Äôre lying. They want a citizenship question because it would rig the #2020Cens‚Ä¶,140,1010110441891291136,2018-06-22 10:41:10,Twitter for iPhone,0,54
3,RT @ACLU: Happening NOW at LaGuardia Airport in NYC: citizens gathering to greet kids separated from their parents by the Trump administrat‚Ä¶,140,1009663285493403649,2018-06-21 05:04:20,Twitter for iPhone,0,16037
4,RT @mjhegar: Why am I running for Congress against a Tea Party Republican in Texas? It all started with a door: https://t.co/fuNyjLzIqM,135,1009510506338627584,2018-06-20 18:57:15,Twitter for iPhone,0,13155
5,RT @JasonKander: Watch her incredible ad and then chip in $5 to help @MJHegar flip this seat (and Congress) in November. https://t.co/zJAam‚Ä¶,140,1009510416962244608,2018-06-20 18:56:53,Twitter for iPhone,0,75
6,RT @united: United asks U.S. government not to fly separated immigrant children on our aircraft. https://t.co/MPPbhO6aqV,120,1009499620580438016,2018-06-20 18:13:59,Twitter for iPhone,0,22853
7,RT @annagalland: June 30th #FamiliesBelongTogether protests are ON. Trump's shift - thanks to public outrage - means kids and babies will s‚Ä¶,140,1009498689977667605,2018-06-20 18:10:17,Twitter for iPhone,0,1581
8,RT @Beatrizluthor: We need your help! .@SpeakerRyan is touting his immigration bill as a fix to end family separation. It DOES NOT. Plus ba‚Ä¶,140,1009473734548344833,2018-06-20 16:31:08,Twitter for iPhone,0,3
9,RT @Jorge_Silva: Thank you @RepJuanVargas!  We need more people confronting those who are enabling this cruelty! Shame on you @RepCurbelo!‚Ä¶,139,1009441289958551555,2018-06-20 14:22:12,Twitter for iPhone,0,69
10,RT @HispanicCaucus: We are literally standing with children on the House floor to say that we must #KeepFamiliesTogether! https://t.co/dPM3‚Ä¶,140,1009441198610833408,2018-06-20 14:21:50,Twitter for iPhone,0,137
11,"RT @madeleine: To be clear, immigrants, legal or not, are people who want to improve their lives. To refer to them as animals or insects is‚Ä¶",140,1009440906322333696,2018-06-20 14:20:41,Twitter for iPhone,0,41413
12,RT @benwikler: Every dot on this map represents a protest planned for June 30 against ripping families apart. Some already have tens of tho‚Ä¶,140,1009440746359934976,2018-06-20 14:20:03,Twitter for iPhone,0,3094
13,RT @SenFeinstein: Our bill puts the welfare of children first and foremost. It bars separation except in cases of abuse or trafficking. Any‚Ä¶,140,1009440677267197952,2018-06-20 14:19:46,Twitter for iPhone,0,3121
14,"RT @ABCPolitics: Kevin Costner reacts to family separations at the border, telling @TheView he's ""not recognizing America right now.""

""We‚Ä¶",139,1009202537835192321,2018-06-19 22:33:29,Twitter for iPhone,0,450
15,"RT @bhtyson: This is everything to me that is wonderful üëá
So proud of the work from @IanCeraolo @ashmarx9 and the whole LAV-NH team up ther‚Ä¶",140,1009191568836907008,2018-06-19 21:49:54,Twitter for iPhone,0,5
16,RT @JessicaHuseman: My latest: Kobach finally got his chance to prove that non-citizens were registering to vote. He failed. And in the pro‚Ä¶,140,1009190693074595846,2018-06-19 21:46:25,Twitter for iPhone,0,1026
17,RT @letamericavote: Judge reinforces that @KrisKobach1787 has been lying all along in order to justify laws that disenfranchise voters. htt‚Ä¶,140,1009190472370278401,2018-06-19 21:45:33,Twitter for iPhone,0,64
18,There is a solution to this crisis that Trump created-1)Trump can direct DHS to stop separating families &amp; stop tre‚Ä¶ https://t.co/vEGlcQd6up,144,1009149786518417411,2018-06-19 19:03:52,Twitter Web Client,5,2
19,RT @CHIRLA: üö®LIVE: Immigration youth is currently staging a powerful sit-in at .@SteveKnight25 office ‚Äî children are asking his staff to VO‚Ä¶,140,1009147013001285632,2018-06-19 18:52:51,Twitter Web Client,0,13
20,Join a national protest on June 30th against Trump's policy to rip kids away from their moms and dads and to stop c‚Ä¶ https://t.co/9sXwmhjgD1,140,1009126088155557889,2018-06-19 17:29:42,Twitter Web Client,0,1
21,RT @JohnLeguizamo: Read!!  Retweet!! #KeepFamiliesTogetherAct #WhereAreTheChidren https://t.co/pXf5w9H9bB,105,1009069897370959872,2018-06-19 13:46:25,Twitter for iPhone,0,53
22,Celebrate freedom and keep fighting for justice and equality #Juneteenth https://t.co/fs8aHEhwjN,96,1009068727424487424,2018-06-19 13:41:46,Twitter for iPhone,0,0
23,Everyday I fight to protect the right for everyone to vote @letamericavote -today I‚Äôm exercising my right to vote i‚Ä¶ https://t.co/jXeqwLi2rz,140,1009067134276784128,2018-06-19 13:35:27,Twitter for iPhone,167,24
24,"RT @JasonKander: Imagine being so powerful you could make one phone call and (BAM!) you‚Äôve reunited thousands of scared, confused little ki‚Ä¶",140,1009033263640469504,2018-06-19 11:20:51,Twitter for iPhone,0,29986
25,"RT @benwikler: If you‚Äôve been watching the news in agony about families being ripped apart, wondering what you could do‚Äîhere is what to do.‚Ä¶",140,1008922848671518722,2018-06-19 04:02:06,Twitter for iPhone,0,3274
26,RT @letamericavote: Kobach created unnecessary barriers to voting and tried to justify these laws with racist lies about our elections. He‚Ä¶,139,1008870691796643841,2018-06-19 00:34:51,Twitter for iPhone,0,103
27,"RT @LChapmanEsq: .@LetAmericaVote is proud to have signed on to this brief, and be part of the movement that‚Äôs working to save the #2020Cen‚Ä¶",140,1008870622414467077,2018-06-19 00:34:34,Twitter for iPhone,0,59
28,RT @civilrightsorg: BREAKING: We just filed a brief on behalf of 150+ groups in the litigation brought by the State of NY against @Commerce‚Ä¶,140,1008858838974500864,2018-06-18 23:47:45,Twitter for iPhone,0,55
29,RT @nowthisnews: ‚ÄòThis is a moral and humanitarian crisis.‚Äô ‚Äî¬†@HillaryClinton is calling out the Trump administration for detaining immigra‚Ä¶,140,1008840149416005634,2018-06-18 22:33:29,Twitter for iPhone,0,11329
30,RT @NickMerrill: Here is a transcript of Secretary Clinton‚Äôs remarks on immigration in New York this afternoon. https://t.co/3V9tDvljeG,135,1008839914023149568,2018-06-18 22:32:33,Twitter for iPhone,0,370
31,"RT @nancook: NEWS: The Trump admin is planning to roll out of a lot more immigration moves this summer, ahead of the mid-terms, by using ex‚Ä¶",140,1008838086279794690,2018-06-18 22:25:17,Twitter for iPhone,0,1568
32,"RT @srl: Breaking news: A federal judge struck down Kansas' proof of citizenship law. The law was championed by Kansas SoS Kris Kobach, Tru‚Ä¶",140,1008835152880062464,2018-06-18 22:13:38,Twitter for iPhone,0,5230
33,"RT @sahilkapur: Quinnipiac poll: Americans oppose the family separation policy for undocumented immigrants 66-27%.

Republicans support it‚Ä¶",139,1008834721630089217,2018-06-18 22:11:55,Twitter for iPhone,0,503
34,"RT @latinovictoryus: WATCH: Our President, @CristobalJAlex, missed his first Father's Day to #MarchToTornillo because this administration's‚Ä¶",140,1008829944322027520,2018-06-18 21:52:56,Twitter Web Client,0,21
35,"RT @RepRoybalAllard: As the Trump Administration doubles down on its cruel decision to rip #immigrant children away from their parents, I'm‚Ä¶",140,1008791638053965824,2018-06-18 19:20:43,Twitter Web Client,0,35
36,RT @annagalland: Look for an important announcement TONIGHT on @allinwithchris re *major protest against family separation* in DC &amp; nationw‚Ä¶,144,1008790737041985537,2018-06-18 19:17:08,Twitter Web Client,0,7615
37,RT @SenFeinstein: UPDATE: The entire Democratic caucus supports our bill to bar children from being taken from their parents at the border.‚Ä¶,140,1008786155284951040,2018-06-18 18:58:56,Twitter for iPhone,0,31196
38,"RT @SenKamalaHarris: It's time for Secretary Nielsen to resign. The government should be in the business of keeping families together, not‚Ä¶",139,1008785862644158464,2018-06-18 18:57:46,Twitter for iPhone,0,13601
39,#FamilesBelongTogether  https://t.co/gsdvFX98Hm,47,1008532031549136896,2018-06-18 02:09:08,Twitter for iPhone,3,1
40,"RT @johnlegend: Seriously, fuck you. Reunite the families at the border and we can talk about father's day. https://t.co/bbG0gVqfzq",131,1008436773461118976,2018-06-17 19:50:37,Twitter for iPhone,0,113139
41,"RT @Pontifex: Children must be able to play, study and grow in a peaceful environment. Woe to anyone who stifles their joyful impulse to ho‚Ä¶",140,1008435525026492416,2018-06-17 19:45:39,Twitter for iPhone,0,38993
42,"RT @VanJones68: Again: IT IS NOT ILLEGAL TO COME TO THE USA &amp; SEEK ASYLUM. When refugees apply for asylum, they are not breaking the law ‚Äî‚Ä¶",143,1008435485734244355,2018-06-17 19:45:30,Twitter for iPhone,0,2147
43,RT @letamericavote: Family separations. Voter purges. Threats to health care. Are you ready to vote this November? https://t.co/IUCZxrT8b4,138,1008415128553971714,2018-06-17 18:24:36,Twitter for iPhone,0,69
44,"RT @UNITEDWEDREAM: The Republican Party is proposing bills that do not resolve the separation of families, and further damage immigrants in‚Ä¶",140,1008389682013581313,2018-06-17 16:43:29,Twitter for iPhone,0,30
45,"RT @CNNPolitics: Texas Rep. Beto O‚ÄôRourke at the border: ‚ÄúI think the American people are going to force us to do the right thing, that alw‚Ä¶",140,1008352824634339330,2018-06-17 14:17:02,Twitter for iPhone,0,1066
46,RT @UNITEDWEDREAM: This #FathersDay we‚Äôre joining @domesticworkers @womenbelong @ACLU @AmericasVoice &amp; more to stand in solidarity with fat‚Ä¶,144,1008352255416905728,2018-06-17 14:14:46,Twitter for iPhone,0,177
47,RT @NBCNews: WATCH: A speech by VP Pence was interrupted by protesters against the Trump administration's policy of separating migrant chil‚Ä¶,140,1008350317916848129,2018-06-17 14:07:04,Twitter for iPhone,0,6863
48,RT @domesticworkers: Domestic workers have created a global movement to protect and advance workers rights everywhere! Today domestic worke‚Ä¶,140,1007994673305178113,2018-06-16 14:33:52,Twitter for iPhone,0,13
49,RT @laloalcaraz: New from Ivanka Trump! Please share #laloalcaraz cartoons always! #KeepFamiliesTogether https://t.co/o3sblftBW3,128,1007993962458746880,2018-06-16 14:31:02,Twitter for iPhone,0,586
50,"RT @letamericavote: ""There‚Äôs another important public space where blackness has been policed and we have been far too silent about it: the‚Ä¶",139,1007990166865268738,2018-06-16 14:15:57,Twitter for iPhone,0,46
51,"RT @jonfavs: He isn‚Äôt just cruel, he‚Äôs a coward - can‚Äôt even own up to the fact that tearing infants away from their parents is HIS policy,‚Ä¶",140,1007714989115928576,2018-06-15 20:02:30,Twitter for iPhone,0,13307
52,RT @questlove: remember they also used the Bible to justify slavery. https://t.co/ksfVAUSiY0,92,1007621212904808448,2018-06-15 13:49:52,Twitter for iPhone,0,29350
53,RT @SaraJacobsCA: I ran for Congress because there is nothing more important to me than taking this seat back for the people of #CA49. I am‚Ä¶,140,1007619015282438144,2018-06-15 13:41:08,Twitter for iPhone,0,168
54,"RT @Yamiche: Sarah Sanders is repeating over and over again that it's the law to separate immigrant children and from their parents. 

Fact‚Ä¶",140,1007618372127920128,2018-06-15 13:38:35,Twitter for iPhone,0,33143
55,"The actions and calls are having an impact-but don‚Äôt be fooled, Ryan &amp; the GOP‚Äôs bills do nothing to keep Trump fro‚Ä¶ https://t.co/Rc2koE7MJI",144,1007616987269353472,2018-06-15 13:33:05,Twitter for iPhone,4,5
56,"RT @AmericasVoice: HAPPY BIRTHDAY, @realDonaldTrump! 

Hope you are enjoying your üéÇ while:

‚≠ïÔ∏è Children are jailed away from their parents‚Ä¶",139,1007324479465447424,2018-06-14 18:10:45,Twitter for iPhone,0,32
57,RT @SenFeinstein: UPDATE: 40 senators now support our bill to bar children from being taken from their parents at the border. We‚Äôre continu‚Ä¶,140,1007324405138100224,2018-06-14 18:10:28,Twitter for iPhone,0,27749
58,üëáüèΩüëáüèΩüëáüèΩ https://t.co/8Uj1fdXhNQ,30,1007324311470911488,2018-06-14 18:10:05,Twitter for iPhone,1,0
59,RT @Lin_Manuel: üëáüèΩ https://t.co/8P5W1IhfQg,42,1007323942695198720,2018-06-14 18:08:37,Twitter for iPhone,0,782
60,"RT @hansilowang: CENSUS ü§ì ALERT: I'm at @uscensusbureau's HQ for the 1st meeting of National Advisory Committee on Racial, Ethnic, and Othe‚Ä¶",140,1007243600160346112,2018-06-14 12:49:22,Twitter for iPhone,0,39
61,RT @LChapmanEsq: Busy day ahead! https://t.co/sDdP8jPTtc,56,1007242516331139072,2018-06-14 12:45:04,Twitter for iPhone,0,3
62,"RT @UndocuBlack: Any immigration deal that guts the diversity visa program is anti-Black. Point, blank, period. Over 40% of diversity visa‚Ä¶",139,1007112257459904512,2018-06-14 04:07:28,Twitter for iPhone,0,104
63,"RT @cecmunoz: They‚Äôre coming for migrant kids and their parents 
They‚Äôre coming for legal immigrants 
They‚Äôre actually looking for excuses‚Ä¶",139,1007105980906262528,2018-06-14 03:42:31,Twitter for iPhone,0,5488
64,RT @chrislhayes: There are nationwide protests against the family-separation policy tomorrow. https://t.co/EOznYt4h5L,117,1007103605294411781,2018-06-14 03:33:05,Twitter for iPhone,0,7947
65,RT @SenKamalaHarris: Let‚Äôs call this policy what it is: a human rights abuse being committed by the United States government. https://t.co/‚Ä¶,140,1007063415947497472,2018-06-14 00:53:23,Twitter for iPhone,0,20657
66,"RT @letamericavote: Thread: Alright team, we need your help. The next few days are going to be critical to stopping Thomas Farr from becomi‚Ä¶",140,1007011531601731585,2018-06-13 21:27:13,Twitter Web Client,0,72
67,RT @letamericavote: We can stop Farr from becoming a federal judge -- with YOUR help. Please call your senator and tell them to vote NO on‚Ä¶,139,1007011275698790400,2018-06-13 21:26:12,Twitter Web Client,0,22
68,RT @UNITEDWEDREAM: HAPPENING NOW! Members of Congress and community members are now risking arrest after speaking up against the injustices‚Ä¶,140,1006977483894292481,2018-06-13 19:11:55,Twitter Web Client,0,53
69,"RT @HouseDemocrats: .@repgutierrez, @repjohnlewis, @repjoecrowley, @repjudychu and other House Democrats are fighting on behalf of the chil‚Ä¶",140,1006977361869443073,2018-06-13 19:11:26,Twitter Web Client,0,244
70,RT @letamericavote: It's official! #LAVfield teams in FIVE states are now talking to voters to elect leaders who will protect access to the‚Ä¶,140,1006968915162009601,2018-06-13 18:37:52,Twitter Web Client,0,60
71,Thank you @repjohnlewis for continuing to fight for justice #FamiliesBelongTogether https://t.co/LKMqSArz0w,107,1006961075789680641,2018-06-13 18:06:43,Twitter for iPhone,4,1
72,‚ÄúI cannot think of an act more cruel than tearing a child out of their mother‚Äôs arms‚Äù ‚Å¶@RepGutierrez‚Å©‚Ä¶ https://t.co/7dy8MLx28r,126,1006956458662129664,2018-06-13 17:48:22,Twitter for iPhone,26,14
73,RT @IAStartingLine: .@JasonKander's @letamericavote endorses @FredHubbell in his campaign against Iowa Governor Kim Reynolds. Republicans h‚Ä¶,140,1006927131723563009,2018-06-13 15:51:50,Twitter Web Client,0,27
74,"RT @UNITEDWEDREAM: ""These bills will split our families apart forever. Family reunification laws made the immigration fairer, but now Trump‚Ä¶",140,1006927024760479744,2018-06-13 15:51:25,Twitter Web Client,0,20
75,"RT @CREDOMobile: WATCH LIVE: CREDO is teaming up w/ @amnestyusa, Latin American Working Group in partnership w/ @MoveOn &amp; @wrcommission to‚Ä¶",143,1006924814190370816,2018-06-13 15:42:38,Twitter Web Client,0,38
76,RT @NancyPelosi: Protecting #Dreamers stands on its own merits. If Republicans plan to use Dreamers as a way to advance @realDonaldTrump‚Äôs‚Ä¶,139,1006905592190066688,2018-06-13 14:26:15,Twitter Web Client,0,2365
77,RT @jasonnobleIA: In which @bhtyson explains the secret of @letamericavote's success: https://t.co/p2sboNWGrJ,109,1006897315464994816,2018-06-13 13:53:21,Twitter Web Client,0,15
78,RT @latinovictoryus: Congratulations to @NelsonAraujoNV who is one step closer to becoming the first LGBT Latino to serve as Nevada Secreta‚Ä¶,140,1006741037312872449,2018-06-13 03:32:22,Twitter Web Client,0,86
79,"""This is a political strategy by the Republican Party to eliminate from democracy Americans who are less likely to‚Ä¶ https://t.co/Oo1inUXXON",139,1006619979607957504,2018-06-12 19:31:19,Twitter Web Client,64,41
80,"RT @MomsDemand: Two years ago today, a gunman filled with hate took the lives of 49 people and wounded over 50 others at #Pulse, an LGBTQ+‚Ä¶",139,1006550802863939584,2018-06-12 14:56:26,Twitter Web Client,0,643
81,"RT @OfficialCBC: Dear America, 

This is your daily reminder that the (democratically-elected ü§îüßê) @POTUS @RealDonaldTrump thinks voter dise‚Ä¶",140,1006550133734035456,2018-06-12 14:53:47,Twitter Web Client,0,321
82,RT @NALEO: .@TheJusticeDept Documents Show Commerce Secretary @SecretaryRoss Ignored Concerns From Scientific Community Over Addition of #C‚Ä¶,140,1006297237151014913,2018-06-11 22:08:52,Twitter Web Client,0,5
83,This is everything! https://t.co/JdPDXWdcB1,43,1006295812584943621,2018-06-11 22:03:12,Twitter for iPhone,1,0
84,"RT @ananavarro: Never fails. Every time time Trump whacks Sessions, Sessions whacks immigrants. It‚Äôs the way he keeps himself in #President‚Ä¶",140,1006271892666372102,2018-06-11 20:28:09,Twitter Web Client,0,1414
85,RT @UNITEDWEDREAM: Disgusting. https://t.co/GxsskxvhQU,54,1006269855241261056,2018-06-11 20:20:03,Twitter Web Client,0,51
86,RT @RepTerriSewell: Voting is not a use it or lose it right. It is a permanent right guaranteed by our Constitution. The Supreme Court‚Äôs mi‚Ä¶,140,1006196474995183616,2018-06-11 15:28:28,Twitter for iPhone,0,119
87,"RT @LChapmanEsq: ""Our democracy rests on the ability of all individuals, regardless of race, income, or status, to exercise their right to‚Ä¶",139,1006196267075153920,2018-06-11 15:27:38,Twitter for iPhone,0,3
88,"RT @LChapmanEsq: Justice Sotomayor üî• ""Communities that are disproportionately affected by unnecessarily harsh registration laws should not‚Ä¶",139,1006196193939132418,2018-06-11 15:27:21,Twitter for iPhone,0,4
89,RT @letamericavote: Breaking: #SCOTUS just made it easier to purge voters from the rolls https://t.co/T2et4JqE6K,112,1006179630070620160,2018-06-11 14:21:32,Twitter for iPhone,0,121
90,This is monstrous! #FamiliesBelongTogether https://t.co/Ty3tjl1nXM,66,1005583860577521664,2018-06-09 22:54:09,Twitter for iPhone,2,3
91,RT @LUnderwood630: I live with a preexisting condition called supraventricular tachycardia. It makes my heart race‚Äîand it's the reason why‚Ä¶,139,1005453760183914496,2018-06-09 14:17:11,Twitter for iPhone,0,73
92,RT @srl: Breaking news: Federal judge blocks Indiana law allowing state to remove voters from the rolls based on match from Interstate Cros‚Ä¶,140,1005443581837037568,2018-06-09 13:36:44,Twitter for iPhone,0,4761
93,"RT @KosherSoul: For a Black man that has walked the plank for being highly critical of the food world so white, #AnthonyBourdain was specia‚Ä¶",140,1005171780242280450,2018-06-08 19:36:42,Twitter for iPhone,0,1541
94,RT @letamericavote: North Carolina: Take action to stop voter suppression by texting VOTING RIGHTS to 44939. Well connect you with your NC‚Ä¶,139,1005153116482887680,2018-06-08 18:22:32,Twitter for iPhone,0,34
95,"Heartbreaking. @Bourdain was such a great storyteller, so empathetic, showed that great food doesn‚Äôt exist only  in‚Ä¶ https://t.co/XYSFSgHQ8J",140,1005056614607540224,2018-06-08 11:59:04,Twitter for iPhone,3,2
96,This administration is immoral! #BlueWave2018 https://t.co/Hiemrv84KX,69,1004946289539284992,2018-06-08 04:40:41,Twitter Web Client,1,1
97,RT @letamericavote: North Carolina's Republican governor knew that #voterID was the path to victory for his fellow party members. Why? Beca‚Ä¶,140,1004813274024640512,2018-06-07 19:52:07,Twitter for iPhone,0,32
98,#ProtectOurCourts #RunFarrAway https://t.co/kwFwQeVqyU,54,1004700200135471104,2018-06-07 12:22:48,Twitter for iPhone,3,2
99,RT @Stl_Manifest: My name is Lutz Gr√ºnthal. The US turned me away 79 years ago today. I was murdered in Auschwitz #NeverAgain https://t.co/‚Ä¶,140,1004493911807709191,2018-06-06 22:43:05,Twitter for iPhone,0,134
100,"RT @MichaelSkolnik: On the 3rd anniversary of his death, #IStandWithKalief because the bail system in America is an attack on the poor. It‚Ä¶",139,1004493407631368192,2018-06-06 22:41:05,Twitter for iPhone,0,128
101,"RT @SenJohnMcCain: America is the land of the immigrant‚Äôs dream. For centuries, people have come to this country for the opportunities free‚Ä¶",140,1004493181658988545,2018-06-06 22:40:11,Twitter for iPhone,0,22387
102,RT @IAStartingLine: .@JasonKander and his @letamericavote organization is endorsing @DeidreDeJear in Iowa‚Äôs Sec of State race. Watch for th‚Ä¶,140,1004467199199842304,2018-06-06 20:56:57,Twitter Web Client,0,26
103,"Thomas Farr is a vote suppressor who could become a federal judge for LIFE. Today, we helped spread the message to‚Ä¶ https://t.co/5EPAiGL0K0",139,1004438776461000705,2018-06-06 19:04:00,Twitter for iPhone,22,14
104,‚ÄúThomas Farr is the poster child for voter suppression. He has spent his career suppressing &amp; diluting the African‚Ä¶ https://t.co/UdxQxgBnWY,143,1004435535589531648,2018-06-06 18:51:07,Twitter for iPhone,8,4
105,‚ÄúWe call on all right thinking Senators to stand with humanity and not support Thomas Farr nomination!‚Äù‚Ä¶ https://t.co/BRMEM3BAMf,128,1004433738854535169,2018-06-06 18:43:59,Twitter for iPhone,0,0
106,RT @NAACP: Close to a third of the Eastern District of North Carolina is black and it is diverse. Farr worked on behalf of corporate Americ‚Ä¶,140,1004429207215202304,2018-06-06 18:25:59,Twitter for iPhone,0,24
107,Preach! @RevDrBarber speaking out against Thomas Farr nomination-‚ÄúAppointing Farr would be like putting a fox over‚Ä¶ https://t.co/pYzHlXOeTn,139,1004428266135080962,2018-06-06 18:22:14,Twitter for iPhone,1,0
108,"Thomas Farr defended North Carolina's 2013 voter suppression law. When the Fourth Circuit struck down the law, the‚Ä¶ https://t.co/zpWDLN6rqu",139,1004413350447640577,2018-06-06 17:22:58,Twitter Web Client,29,14
109,"RT @latinovictoryus: Congratulations on your primary win, @XavierBecerra! Proud to have you leading the resistance through the courts! http‚Ä¶",140,1004252166939447296,2018-06-06 06:42:29,Twitter for iPhone,0,82
110,"RT @latinovictoryus: Congratulations, @XochforCongress! We can't wait to help you flip #NM02 blue in November! 

Thanks for proving this is‚Ä¶",140,1004208701400649728,2018-06-06 03:49:46,Twitter Web Client,0,19
111,RT @JasonKander: LAV's first policy fellow just won his Iowa state Senate primary. @ZachWahls is part of a new generation we need in Des Mo‚Ä¶,140,1004204896210640896,2018-06-06 03:34:39,Twitter for iPhone,0,126
112,"RT @latinovictoryus: Congratulations to @Michelle4NM -- the Democratic nominee for Governor of New Mexico! 

It's time for New Mexico to be‚Ä¶",140,1004196749911707648,2018-06-06 03:02:16,Twitter Web Client,0,106
113,RT @MikieSherrill: Live from our returns party! So proud of this team. Thank you to all who volunteered and voted. We're one step close htt‚Ä¶,140,1004195436591288321,2018-06-06 02:57:03,Twitter Web Client,0,213
114,RT @letamericavote: California! Make sure your voice is heard. Get out &amp; vote ‚û°Ô∏è üó≥ #CApol #CAprimary https://t.co/8pDUSN8V73,128,1004029430677819393,2018-06-05 15:57:24,Twitter for iPhone,0,86
115,RT @suzytweet: .@HeartlandZack is the genius behind #DadsDefendingDemocracy. Listen to why he‚Äôs protecting voting rights for his daughters.‚Ä¶,140,1003790663828295680,2018-06-05 00:08:38,Twitter for iPhone,0,17
116,"RT @PPact: Today on #500Days of @realdonaldtrump, we launched #TrackingTrump because the dangerous policies of this administration ‚Äî and th‚Ä¶",140,1003721220406333446,2018-06-04 19:32:41,Twitter Web Client,0,90
117,"RT @AMarch4OurLives: This summer. #RoadToChange 
Text CHANGE to 977-79 or visit https://t.co/2m7ItdxgIv to join us. #MarchForOurLives https‚Ä¶",140,1003687064653713408,2018-06-04 17:16:58,Twitter Web Client,0,970
118,"RT @UNITEDWEDREAM: We're in Washington DC, calling for the end to family separation, and calling congress to #DefundICE &amp; #DefundCBP.

If y‚Ä¶",144,1002579203252944896,2018-06-01 15:54:43,Twitter for iPhone,0,33
119,RT @IAmAnImmigrant: Many of our nation's immigrant stories are not so different from those of families who are striving to be part of the A‚Ä¶,140,1002571174382133250,2018-06-01 15:22:49,Twitter for iPhone,0,2990
120,RT @letamericavote: Millions of high school seniors will graduate in the next few weeks. Let's make sure they're registered to vote before‚Ä¶,139,1002564419640053762,2018-06-01 14:55:59,Twitter for iPhone,0,42
121,I #WearOrange for gun violence awareness. Join the campaign at https://t.co/uvADfiwlRr https://t.co/XJax2kIbaU,110,1002547385556402178,2018-06-01 13:48:17,Twitter for iPhone,4,0
122,"RT @letamericavote: ""I look forward to working with Let America Vote to ensure every Hoosier can vote easily, securely and without discrimi‚Ä¶",140,1002212410789384192,2018-05-31 15:37:13,Twitter for iPhone,0,12
123,"RT @letamericavote: ""Our fundamental right to vote is the bedrock of our democracy."" - @JoshBoschee, who we're endorsing for North Dakota s‚Ä¶",140,1002209652099158016,2018-05-31 15:26:15,Twitter for iPhone,0,29
124,"RT @letamericavote: New endorsement: Brianna Lennon is running for Boone County Clerk in Missouri to ensure ""every eligible voter has the o‚Ä¶",140,1002208114668646401,2018-05-31 15:20:09,Twitter for iPhone,0,34
125,RT @womensmarch: A major win tonight for our sister chapter @womensmarchIL ! Illinois just ratified the Equal Rights Amendment! When we fig‚Ä¶,140,1002202247076503552,2018-05-31 14:56:50,Twitter for iPhone,0,735
126,"RT @letamericavote: #LAVField was on the ground knocking doors the FIRST weekend after the primary in VA. Medicaid expansion will give 400,‚Ä¶",140,1002010364899418112,2018-05-31 02:14:22,Twitter for iPhone,0,25
127,Inspired by these amazing student activists from across the country who are fighting to end gun violence in our com‚Ä¶ https://t.co/RVJB9JwOZj,140,1002009292738891778,2018-05-31 02:10:06,Twitter for iPhone,3,1
128,RT @letamericavote: Politicians think young people won't register &amp; turn out to vote this fall. Let's prove them wrong. #TheFutureIsVoting‚Ä¶,143,1001578857781186562,2018-05-29 21:39:42,Twitter Web Client,0,45
129,"RT @repjohnlewis: Thank you, @ABCNetwork. You did the right thing. There is not any room in our society for racism or bigotry.",126,1001569215776808966,2018-05-29 21:01:23,Twitter Web Client,0,8961
130,"RT @letamericavote: ""People died for [the right to vote]. I think about that every time I cast a vote. So don‚Äôt let their sacrifice be in v‚Ä¶",140,1001514750533165057,2018-05-29 17:24:58,Twitter for iPhone,0,113
131,RT @seungminkim: It's the Trump admin's decision to refer 100% of illegal southwest border crossings to DOJ for prosecution that is causing‚Ä¶,140,1000379506434199554,2018-05-26 14:13:55,Twitter for iPhone,0,254
132,RT @RevDrBarber: The fight continues. Across this nation we are crying out &amp; we we won‚Äôt be silent anymore. Join us. #PoorPeoplesCampaign h‚Ä¶,144,1000378023307304961,2018-05-26 14:08:01,Twitter for iPhone,0,709
133,"RT @AfAmResearch: Official US policy:

Until 1865, rip African American children from their parents.

From 1870s to 1970s, rip Native Ameri‚Ä¶",140,1000376754664624128,2018-05-26 14:02:59,Twitter for iPhone,0,8099
134,RT @NatImmForum: Separating a father from his toddler ‚Äì and refusing to tell him where is 18-month-old son had been placed ‚Äì is an affront‚Ä¶,139,1000373334528405505,2018-05-26 13:49:23,Twitter for iPhone,0,3282
135,"RT @MichaelSkolnik: SHE HAS A NAME: unarmed 20 year old, Claudia Patricia G√≥mez Gonz√°lez, from Guatemala, was shot and killed by an ICE age‚Ä¶",140,1000139487287107584,2018-05-25 22:20:10,Twitter for iPhone,0,61546
136,RT @NILC_org: This is damning evidence that political fear mongering and pure hatred toward immigrants and communities of color is fueling‚Ä¶,139,1000082428638187520,2018-05-25 18:33:26,Twitter for iPhone,0,165
137,"RT @FrankSharry: ""Dehumanizing rhetoric works in exactly this way: It slaps the dehumanizing slur on the least sympathetic subgroup and the‚Ä¶",140,1000073752678404096,2018-05-25 17:58:57,Twitter for iPhone,0,152
138,"RT @Grace4NY: We can't let anyone stop young people from making their voices heard at the polls. @TheDemocrats want to mobilize all voters,‚Ä¶",140,999746362148315136,2018-05-24 20:18:01,Twitter Web Client,0,6
139,https://t.co/dl1JKmXEjC via @TeenVogue,38,999721921733365760,2018-05-24 18:40:54,Twitter Web Client,0,0
140,Real leadership! #BlackLivesMatter #TakeAKnee https://t.co/ZJM1mC723D,69,999451921151913984,2018-05-24 00:48:01,Twitter for iPhone,0,0
141,"RT @letamericavote: Want to... 
‚úÖ Prevent gun violence 
‚úÖ Protect the environment 
‚úÖ Reform our immigration system 
Then you gotta vote thi‚Ä¶",140,999325619002531841,2018-05-23 16:26:08,Twitter for iPhone,0,37
142,Workers standing up &amp; standing together for better conditions is beautiful! https://t.co/aS8dXdYlHn,103,999291805190574082,2018-05-23 14:11:46,Twitter for iPhone,0,0
143,Congrats @ColinAllredTX -now on to November to #FlipTheHouse #BlueWave2018 https://t.co/YOxEBVu92U,98,999123540984123392,2018-05-23 03:03:09,Twitter for iPhone,0,0
144,"RT @HRC: Congratulations Gina Ortiz Jones (@ginaortizjones) on your victory in Texas‚Äôs 23rd district primary! If elected in November, she w‚Ä¶",140,999123012342419457,2018-05-23 03:01:03,Twitter for iPhone,0,109
145,RT @letamericavote: Congratulations to voting rights champion @staceyabrams! #GAgov https://t.co/7bsiFjhkxf,107,999095644982775809,2018-05-23 01:12:18,Twitter for iPhone,0,103
146,RT @lorellapraeli: Let‚Äôs be clear: any school that reports a child to ICE would violate the Constitution. The Supreme Court has made clear‚Ä¶,139,999065831811309570,2018-05-22 23:13:50,Twitter for iPhone,0,487
147,"RT @RepTerriSewell: If we want to build a stronger democracy, we have to engage and empower ALL American voters #BetterDeal #RestoreTheVOTE",139,998714046693232640,2018-05-21 23:55:58,Twitter for iPhone,0,21
148,RT @RevDrBarber: Somebody is hurting our people and it‚Äôs gone on far too long. We won‚Äôt be silent anymore. #PoorPeoplesCampaign https://t.c‚Ä¶,140,998661598159032321,2018-05-21 20:27:33,Twitter for iPhone,0,436
149,RT @UniteThePoor: ‚ÄúThere is a war on the poor...a system based on greed not need. Racism and voter suppression is the glue that holds it to‚Ä¶,140,998661053163753472,2018-05-21 20:25:23,Twitter for iPhone,0,242
150,"RT @UniteThePoor: Systemic racism, voter suppression and poverty are deeply intertwined. Don't miss a moment of Week 2 of the #PoorPeoplesC‚Ä¶",140,998661006279704577,2018-05-21 20:25:12,Twitter for iPhone,0,311
151,Our @letamericavote board member @crisantaduran sharing what it means to have a truly representative democracy &amp; le‚Ä¶ https://t.co/twYZOdCMDI,144,997553392372330496,2018-05-18 19:03:57,Twitter for iPhone,1,2
152,RT @votevets: More people have been killed at schools this year than have been killed while serving in the military - including combat zone‚Ä¶,140,997552462788812801,2018-05-18 19:00:15,Twitter for iPhone,0,787
153,RT @4TaxFairness: Here are all of the #GOP U.S. Representatives who voted to cut $20 BILLION from #SNAP benefits. Their vote could have tak‚Ä¶,140,997550705530503169,2018-05-18 18:53:16,Twitter Web Client,0,32
154,These kickass Congressional candidates are inspiring &amp; are on their way to victory @vgescobar @hiral4congress‚Ä¶ https://t.co/GFBwQxdOER,138,997548193821884418,2018-05-18 18:43:17,Twitter for iPhone,10,3
155,.@RepTerriSewell firing up the crowd to make sure that #WomenWillVote2018 so we can restore the #VRA https://t.co/RI3cwGHVQp,124,997535063616245762,2018-05-18 17:51:07,Twitter for iPhone,0,0
156,RT @annaperng: @TheDemocrats Best Practices Institute brought @letamericavote @JasonKander to talk about millennial engagement. Before pane‚Ä¶,140,997265171402969088,2018-05-17 23:58:39,Twitter for iPhone,0,11
157,"RT @Sifill_LDF: ‚ÄúThese aren‚Äôt people. They‚Äôre animals.‚Äù - the President of the United States on undocumented immigrants, 2018 https://t.co/‚Ä¶",140,997152201008123905,2018-05-17 16:29:45,Twitter for iPhone,0,3384
158,@civilrightsorg thank you for honoring the amazing and empowering leadership of @TaranaBurke of the #metoo survivor‚Ä¶ https://t.co/3530GyoikV,140,996918713432592384,2018-05-17 01:01:57,Twitter for iPhone,0,0
159,@civilrightsorg honoring the amazing leadership of  @CecileRichards and the coalition she has built &amp; expanded to e‚Ä¶ https://t.co/UDFOYwk8Ea,144,996918184832880642,2018-05-17 00:59:51,Twitter for iPhone,0,0
160,"RT @FIPVOTENOLA: HB 265 PASSED with 24 yeas 13 neas!! This is a monumental moment!! Thanks to everyone who made calls and wrote emails, thi‚Ä¶",140,996898438146088960,2018-05-16 23:41:23,Twitter Lite,0,41
161,Powerful stories as Dreamers are honored for their fight that has inspired us all! #HereToStay @civilrightsorg‚Ä¶ https://t.co/1IKiaAwYB4,135,996894386632970241,2018-05-16 23:25:17,Twitter for iPhone,23,10
162,RT @Sifill_LDF: The amazing CEO of @civilrightsorg @vanitaguptaCR  brings fiery opening remarks at the 42nd Hubert Humphrey Civil &amp; Human R‚Ä¶,144,996889421449396224,2018-05-16 23:05:34,Twitter for iPhone,0,19
163,RT @AmericasVoice: Primary Voters Reject Pro-Trump Pennsylvania Democrat With A Track Record of Scapegoating Immigrants https://t.co/WyDXJB‚Ä¶,140,996802669279891461,2018-05-16 17:20:50,Twitter for iPhone,0,3
164,Celebrating #AAPIHeritageMonth with @CAPAC champions https://t.co/EE409Wzibk,76,996792621006811137,2018-05-16 16:40:55,Twitter for iPhone,0,0
165,"RT @TUSK81: Helen Tai, daughter of Chinese immigrants, flips Pennsylvania seat from red to blue‚Äî‚Äúthe first time a Democrat‚Äôs been elected i‚Ä¶",140,996727919534886912,2018-05-16 12:23:48,Twitter for iPhone,0,180
166,RT @JasonKander: The next Secretary of State of Nevada has an inspiring story. Meet @NelsonAraujoNV https://t.co/KZejFLc02j,123,996503411750207491,2018-05-15 21:31:42,Twitter Web Client,0,29
167,RT @BrendanSummers: Really excited for this project to get off the ground. Go to https://t.co/sjLZe3iorr to sign up to host one on your own‚Ä¶,140,996171663153750017,2018-05-14 23:33:27,Twitter for iPhone,0,17
168,RT @GuthrieGF: Police confront #PoorPeoplesCampaign outside US Congress. Hundreds of activists of all faiths are risking arrest. https://t.‚Ä¶,140,996139031808311296,2018-05-14 21:23:47,Twitter Web Client,0,356
169,"Yes-NBC just got funnier with this great, inclusive,diverse show and FOX made a huge mistake. The NINE NINE lives!‚Ä¶ https://t.co/s5u5P0Y7XK",139,995165583833550848,2018-05-12 04:55:39,Twitter for iPhone,0,0
170,"RT @maziehirono: I grew up on a rice farm in rural Japan. When I arrived in Hawaii, I didn‚Äôt speak a word of English. John Kelly, you don‚Äôt‚Ä¶",140,995158483178795008,2018-05-12 04:27:26,Twitter for iPhone,0,21581
171,"RT @ChrisLu44: WH COS John Kelly says that immigrants from rural areas without English skills don‚Äôt integrate into the U.S.

My dad came fr‚Ä¶",140,995000905647915010,2018-05-11 18:01:16,Twitter for iPhone,0,7218
172,üëáüèΩüëáüèΩüëáüèΩ https://t.co/4qa7BlMEvm,30,994767277189984261,2018-05-11 02:32:55,Twitter for iPhone,0,0
173,"RT @MariaTeresa1: When you‚Äôre on the wrong side of history, it catches up to you. Congrats and thanks to the voters of #Mecklenburg who vot‚Ä¶",140,994580699691868160,2018-05-10 14:11:31,Twitter for iPhone,0,27
174,RT @letamericavote: Use our new #CapGownVote toolkit to get the young people in your life voting. https://t.co/DFiFIeIK6x https://t.co/b8A6‚Ä¶,140,993987054357897217,2018-05-08 22:52:35,Twitter for iPhone,0,27
175,This administration‚Äôs continuous disregard of experts‚Äô advice  in their pursuit of xenophobic &amp; racist policies is‚Ä¶ https://t.co/5qwjgquXc1,143,993986384678539264,2018-05-08 22:49:56,Twitter for iPhone,0,0
176,RT @JasonKander: VIDEO: Gerrymandering 101: why there‚Äôs hope in Michigan https://t.co/ohowJLitRD,96,993905902074855424,2018-05-08 17:30:07,Twitter Web Client,0,36
177,RT @OfficialCBC: .@NAACP #CBCDEMANDSJUSTICE https://t.co/azYKHUVQzz,67,993905800937639937,2018-05-08 17:29:43,Twitter Web Client,0,6
178,RT @letamericavote: Right now: the House Oversight Committee is holding a hearing on the citizenship question that would politicize the #20‚Ä¶,140,993905467029061632,2018-05-08 17:28:23,Twitter Web Client,0,17
179,"RT @HispanicCaucus: The @HispanicCaucus is committed to protecting an accurate #2020census from being subverted for political purposes.

Th‚Ä¶",140,993890539119538176,2018-05-08 16:29:04,Twitter Web Client,0,13
180,Thank you to all the teachers who took the time to shape my mind and challenge me along the way! #TeacherAppreciationDay #ThankATeacher,135,993874330311446528,2018-05-08 15:24:40,Twitter Web Client,2,0
181,"RT @ColinAllredTX: Throughout his career, @JasonKander has worked to expand access to the ballot and ensure every American has their voice‚Ä¶",139,993709356054204416,2018-05-08 04:29:07,Twitter for iPhone,0,35
182,RT @Alaaaaaandra: Rihanna and Jared Leto saved the #MetGala https://t.co/05Sfw0BH0G,83,993631487672176640,2018-05-07 23:19:42,Twitter for iPhone,0,1239
183,RT @TheRoot: #ChildishGambino's new video #ThisIsAmerica pretty much sums up the times we're living in https://t.co/3ouqQJUloZ https://t.co‚Ä¶,140,993499112468287488,2018-05-07 14:33:41,Twitter for iPhone,0,313
184,RT @letamericavote: We‚Äôre excited to be a part of @Lin_Manuel‚Äôs new @Prizeo contest! https://t.co/Lfu08ORI00 #MoreOfUS https://t.co/grUYx3i‚Ä¶,140,993498365773172736,2018-05-07 14:30:43,Twitter for iPhone,0,9
185,RT @JasonKander: We need to preserve and protect democracy every day. Want to support @LetAmericaVote and win a ticket to Hamilton in DC wi‚Ä¶,140,993498271489384448,2018-05-07 14:30:20,Twitter for iPhone,0,77
186,"RT @Sifill_LDF: And so, it is here. Brilliant, self-revealing, devastating. Ta-Nehisi Coates on the fall of Kanye. Take the time to read it‚Ä¶",140,993483954618617856,2018-05-07 13:33:27,Twitter for iPhone,0,4245
187,"RT @letamericavote: After 150 years, it's time to end Florida's lifetime ban on voting for people with felony convictions. #FLpol #SayYes2S‚Ä¶",140,992454918266073089,2018-05-04 17:24:26,Twitter for iPhone,0,44
188,This is a horrific epidemic.  During times of past epidemics Americans have come together to solve the problem-all‚Ä¶ https://t.co/7zXygzz4LY,139,992440150293667840,2018-05-04 16:25:45,Twitter Web Client,7,3
189,Happy Birthday @JasonKander! Proud to be in the trenches with you fighting to protect our democracy for ALL America‚Ä¶ https://t.co/IWbTuQXPpR,140,992422907249872901,2018-05-04 15:17:14,Twitter for iPhone,86,19
190,‚ÄúThe threat of the Trump administration is the poisoning of the hearts &amp; minds of Americans when they think about i‚Ä¶ https://t.co/huoIKWMcJH,144,991832991881187328,2018-05-03 00:13:07,Twitter for iPhone,9,6
191,Continue to be inspired by this icon of journalism and advocate for Latino civic engagement @MariaESalinas‚Ä¶ https://t.co/7mJcJXg04e,131,991831546494668801,2018-05-03 00:07:22,Twitter for iPhone,2,2
192,Proud of the work that @letamericavote did to elect @delegateguzman last year-continue to be inspired by her at the‚Ä¶ https://t.co/eBocmrRoDS,140,991829055174569984,2018-05-02 23:57:28,Twitter for iPhone,21,4
193,Resistance has been part of the history of America and racism is not limited to the U.S. @JennicetG #latinotalks‚Ä¶ https://t.co/JKm7S4wU93,137,991826187491205122,2018-05-02 23:46:04,Twitter for iPhone,9,2
194,Wow @AmaraLaNegraALN breaking it down &amp; being real about the racism faced by Afro-Latinos across all racial/ethnic‚Ä¶ https://t.co/cg68u9W7eG,143,991824709129031681,2018-05-02 23:40:12,Twitter for iPhone,4,2
195,Strong panel of badass mujeres like @paoramos kicking off at #latinotalks #latinovictoryus https://t.co/alUFJLQByx,114,991819223520481280,2018-05-02 23:18:24,Twitter for iPhone,8,1
196,"RT @AZadvocacy: ""History may record that the longest war in the history of the United States was neither the Vietnam War nor the war in Afg‚Ä¶",140,991735822658531329,2018-05-02 17:47:00,Twitter for iPhone,0,4
197,NEW: Leaked Fresno meeting shows anti-immigrant hate group helping orchestrate attacks on CA's broadly-supported sa‚Ä¶ https://t.co/Gf5sq064jV,140,991735496467533826,2018-05-02 17:45:42,Twitter for iPhone,0,0
198,RT @Matsamon: This is NFL player Desmond Marrow. He was wrongly accused of being in possession of a weapon (it was his cellphone). They kno‚Ä¶,140,990222613443211264,2018-04-28 13:34:03,Twitter for iPhone,0,82169
199,RT @letamericavote: Arizona was on track to expand early voting until Republicans backed out of this bipartisan bill. Text LET AZ VOTE to 4‚Ä¶,140,989963814828494848,2018-04-27 20:25:40,Twitter for iPhone,0,52
